md5,origen,estado,archivo_maestro
7977d2ef67d1ed4af79de34a7d25147d,cables-iphone/CABLE-LTN-1.jpg,unica,images/cables-iphone/CABLE-LTN-1.jpg
2bb94ea65de4be5892e0da5248690c7b,cables-iphone/CABLE-LTN-2.jpg,unica,images/cables-iphone/CABLE-LTN-2.jpg
98d9987518c60e9c7afeaba7e00393c9,cables-iphone/CABLE-USBC-1.jpg,unica,images/cables-iphone/CABLE-USBC-1.jpg
b7c78c349fbe5d90b006cdd0bc083703,cables-iphone/cable usb c a c.jpg,unica,images/cables-iphone/cable usb c a c.jpg
5ca3f5c1a703ad7a2f930b10ffa2dfe0,cables-iphone/cable usb c a c1 m portada.jpg,unica,images/cables-iphone/cable usb c a c1 m portada.jpg
498d595c848f056b63df1de3f114d92a,cables-iphone/cargador ligthning.jpg,unica,images/cables-iphone/cargador ligthning.jpg
8fc9df66a608af06a65265bd188ac1c3,cables-iphone/cargador usb c portada.webp,unica,images/cables-iphone/cargador usb c portada.webp
d3615c349418ec25a48efe0e02cea943,cables-iphone/cargador usb c.jpg,unica,images/cables-iphone/cargador usb c.jpg
475239dce5efe2ea0326026a18f4a675,cables-iphone/cargador.webp,unica,images/cables-iphone/cargador.webp
94c625c266b9d4bea9a4302ed87a14cb,cables-iphone/ubs a c lightning.jpg,unica,images/cables-iphone/ubs a c lightning.jpg
2b9293642182353601bf98a39d224048,cables-iphone/usb c a c.webp,unica,images/cables-iphone/usb c a c.webp
9cedc4ea933743db999c0d0f929c3894,cables-iphone/usb c a lightning.webp,unica,images/cables-iphone/usb c a lightning.webp
4c4c33cc1c888b7a9376376f7bdc4e20,cables-iphone/usb c a ligthning portada.jpg,unica,images/cables-iphone/usb c a ligthning portada.jpg
ee0ce4e7dd41151cf3be200453d41be0,cables-iphone/usb c.webp,unica,images/cables-iphone/usb c.webp
5159902ec2b4951a1a59daeb82132078,"carcasas-silicona-iphone/11 Pro, 11 Pro Max azul navy.jpg",unica,"images/carcasas-silicona-iphone/11 Pro, 11 Pro Max azul navy.jpg"
bfc32d36bb8a516bd5b8a07b57a08975,"carcasas-silicona-iphone/11 Pro, 11 Pro Max negro.jpg",unica,"images/carcasas-silicona-iphone/11 Pro, 11 Pro Max negro.jpg"
8d77db956f655737f8922155a9fde67a,"carcasas-silicona-iphone/12 Mini, 12 negro.jpg",unica,"images/carcasas-silicona-iphone/12 Mini, 12 negro.jpg"
d51d8cdb8afaf1f37766ec384e5504c2,carcasas-silicona-iphone/12 Pro Max negro.jpg,unica,images/carcasas-silicona-iphone/12 Pro Max negro.jpg
d7b5f9a5a4d121dfb35cd995844df7ee,"carcasas-silicona-iphone/13 Pro Max, 14 Pro, 14 Pro Max, 15 Pro, 15 Pro Max, 16 Pro, 16 Pro Max azul navy.png",unica,"images/carcasas-silicona-iphone/13 Pro Max, 14 Pro, 14 Pro Max, 15 Pro, 15 Pro Max, 16 Pro, 16 Pro Max azul navy.png"
ea94ac687c2b68536e8874e41948073c,"carcasas-silicona-iphone/13 Pro Max, 14 Pro, 14 Pro Max, 15 Pro, 15 Pro Max, 16 Pro, 16 Pro Max negro.jpg",unica,"images/carcasas-silicona-iphone/13 Pro Max, 14 Pro, 14 Pro Max, 15 Pro, 15 Pro Max, 16 Pro, 16 Pro Max negro.jpg"
6870baee290e68aff7c441d3dd7c1dee,"carcasas-silicona-iphone/16, 16 Plus, 17 azul navy.png",unica,"images/carcasas-silicona-iphone/16, 16 Plus, 17 azul navy.png"
bef892f024062a0d7a356e70ca32572f,"carcasas-silicona-iphone/16, 16 Plus, 17 negro.jpg",unica,"images/carcasas-silicona-iphone/16, 16 Plus, 17 negro.jpg"
bc26bd06e6aec92e05f60e226bff0133,carcasas-silicona-iphone/17 Air negro.jpg,unica,images/carcasas-silicona-iphone/17 Air negro.jpg
a6e09c4ae17c90949d14661b287118d4,"carcasas-silicona-iphone/17 Pro, 17 Pro Max azul navy.png",unica,"images/carcasas-silicona-iphone/17 Pro, 17 Pro Max azul navy.png"
e3b973e83d443a64eee1560cb46039fd,"carcasas-silicona-iphone/17 Pro, 17 Pro Max negro.jpg",unica,"images/carcasas-silicona-iphone/17 Pro, 17 Pro Max negro.jpg"
abb0b6915bc0bdb21f87b20c03839f4c,carcasas-silicona-iphone/INFO-SILICONA-1.jpg,unica,images/carcasas-silicona-iphone/INFO-SILICONA-1.jpg
12b20394b6484ec27e147eeeda7f8da8,carcasas-silicona-iphone/INFO-SILICONA-2.jpg,unica,images/carcasas-silicona-iphone/INFO-SILICONA-2.jpg
fe7dc5c904600539771a0508f592b4f0,carcasas-silicona-iphone/INFO-SILICONA-3.jpg,unica,images/carcasas-silicona-iphone/INFO-SILICONA-3.jpg
df9ee8e60b217b55c7db26827bbe9a37,carcasas-silicona-iphone/SIL-AZL-11.jpg,unica,images/carcasas-silicona-iphone/SIL-AZL-11.jpg
210cf0b74636b66abbda161130adc1bd,carcasas-silicona-iphone/SIL-AZL-11PRO.jpg,unica,images/carcasas-silicona-iphone/SIL-AZL-11PRO.jpg
22fd7c0bca99795d11edde1fb1d04098,carcasas-silicona-iphone/SIL-AZL-12.jpg,unica,images/carcasas-silicona-iphone/SIL-AZL-12.jpg
67be42fcca6fe0e57c0f8c1e0f66570d,carcasas-silicona-iphone/SIL-AZL-12PROMAX.jpg,unica,images/carcasas-silicona-iphone/SIL-AZL-12PROMAX.jpg
0f39f392b672bf7abf45b097de81539c,carcasas-silicona-iphone/SIL-AZL-13.jpg,unica,images/carcasas-silicona-iphone/SIL-AZL-13.jpg
2364feb295a7ef0f3198355ace1a7679,carcasas-silicona-iphone/SIL-AZL-13PROMAX.jpg,unica,images/carcasas-silicona-iphone/SIL-AZL-13PROMAX.jpg
2c82a798ff6df76205600c53ccb75981,carcasas-silicona-iphone/SIL-AZL-16E.jpg,unica,images/carcasas-silicona-iphone/SIL-AZL-16E.jpg
c3e7e275ada392b6a1bfacb5dc0d7fe8,carcasas-silicona-iphone/SIL-AZL-16PLUS.jpg,unica,images/carcasas-silicona-iphone/SIL-AZL-16PLUS.jpg
2406d9c87d4b646eaf7ba61e972c951b,carcasas-silicona-iphone/SIL-AZL-17AIR.jpg,unica,images/carcasas-silicona-iphone/SIL-AZL-17AIR.jpg
5133336b6004ffd4f8b24aba646327ac,carcasas-silicona-iphone/SIL-AZL-17PRO.jpg,unica,images/carcasas-silicona-iphone/SIL-AZL-17PRO.jpg
16026d177a586598d1ab3ce5d5e6c4bd,carcasas-silicona-iphone/SIL-NEG-11.jpg,unica,images/carcasas-silicona-iphone/SIL-NEG-11.jpg
155c2710e48cceffe5d5195274029e2f,carcasas-silicona-iphone/SIL-NEG-11PRO.jpg,unica,images/carcasas-silicona-iphone/SIL-NEG-11PRO.jpg
5b48a1b5139690b11e6f0b411f5a8c4d,carcasas-silicona-iphone/SIL-NEG-12.jpg,unica,images/carcasas-silicona-iphone/SIL-NEG-12.jpg
eda94f82547b08c9400b491e41c910c7,carcasas-silicona-iphone/SIL-NEG-12PROMAX.jpg,unica,images/carcasas-silicona-iphone/SIL-NEG-12PROMAX.jpg
5b1b74a330874a4ce7252baf62fe3320,carcasas-silicona-iphone/SIL-NEG-13.jpg,unica,images/carcasas-silicona-iphone/SIL-NEG-13.jpg
4c575f084b5678c08397d88870187bc0,carcasas-silicona-iphone/SIL-NEG-13PROMAX.jpg,unica,images/carcasas-silicona-iphone/SIL-NEG-13PROMAX.jpg
d7c0c6ae84407cee109af249187fbb1a,carcasas-silicona-iphone/SIL-NEG-16E.jpg,unica,images/carcasas-silicona-iphone/SIL-NEG-16E.jpg
1790a66cba529e2fb90392f0e851abe5,carcasas-silicona-iphone/SIL-NEG-16PLUS.jpg,unica,images/carcasas-silicona-iphone/SIL-NEG-16PLUS.jpg
924fb74b16bf283a1454caea28631a8d,carcasas-silicona-iphone/SIL-NEG-17AIR.jpg,unica,images/carcasas-silicona-iphone/SIL-NEG-17AIR.jpg
178269fa282b4fe558d7436ecdd6f272,carcasas-silicona-iphone/SIL-NEG-17PRO.jpg,unica,images/carcasas-silicona-iphone/SIL-NEG-17PRO.jpg
b2bf3b6d2b240031576a31f25606d863,carcasas-silicona-iphone/info.webp,unica,images/carcasas-silicona-iphone/info.webp
97878dce6eb2e95b7daf5e3d692c18cc,carcasas-silicona-iphone/iphoen 16 e negro.jpg,unica,images/carcasas-silicona-iphone/iphoen 16 e negro.jpg
eeff6cfed7f81990d635e4130731dc10,carcasas-silicona-iphone/iphone 11  azul navy.png,unica,images/carcasas-silicona-iphone/iphone 11  azul navy.png
8e876a8352ea38d945f6f504b17ee0d3,carcasas-silicona-iphone/iphone 11 negro.png,unica,images/carcasas-silicona-iphone/iphone 11 negro.png
d85f0776d9fc5efe05a0e355112250df,carcasas-silicona-iphone/iphone 12 pro max.png,unica,images/carcasas-silicona-iphone/iphone 12 pro max.png
c7b5bdff26eaabac9f435d90ca9b0043,"carcasas-silicona-iphone/iphone 12, 12 mini azul navy.png",unica,"images/carcasas-silicona-iphone/iphone 12, 12 mini azul navy.png"
cfea85dcb9cce0802accff45bf61a541,"carcasas-silicona-iphone/iphone 13 Mini, 13, 14, 15, 15 Plus azul navy.png",unica,"images/carcasas-silicona-iphone/iphone 13 Mini, 13, 14, 15, 15 Plus azul navy.png"
d307e1cf01b075a9111df82cff2be6cb,"carcasas-silicona-iphone/iphone 13 Mini, 13, 14, 15, 15 Plus negro.jpg",unica,"images/carcasas-silicona-iphone/iphone 13 Mini, 13, 14, 15, 15 Plus negro.jpg"
5913069549523f5541007a16a33de8fc,carcasas-silicona-iphone/iphone 16e azul navy.png,unica,images/carcasas-silicona-iphone/iphone 16e azul navy.png
961457d8fc58b349aaefefbe1dd8df24,carcasas-silicona-iphone/iphone 17 air azul navy.png,unica,images/carcasas-silicona-iphone/iphone 17 air azul navy.png
67dda20bf8106f1e48ffdbb4a849da08,carcasas-silicona-iphone/publi iphone.webp,unica,images/carcasas-silicona-iphone/publi iphone.webp
679bf2caffcdb7e0a4722c269dd66164,carcasas-silicona-iphone/publi.webp,unica,images/carcasas-silicona-iphone/publi.webp
780e3dd121ec57b9a0be1701e1749e96,"carcasas-transparentes-magsafe-iphone/12 Mini, 12, 13 Mini, 13, 14, 15, 15 Plus transparente magsafe.png",unica,"images/carcasas-transparentes-magsafe-iphone/12 Mini, 12, 13 Mini, 13, 14, 15, 15 Plus transparente magsafe.png"
780e3dd121ec57b9a0be1701e1749e96,"carcasas-transparentes-magsafe-iphone/12 Pro Max, 13 Pro Max, 14 Pro, 14 Pro Max, 15 Pro, 15 Pro Max, 16 Pro, 16 Pro Max transparente magsafe.png",duplicado,"images/carcasas-transparentes-magsafe-iphone/12 Mini, 12, 13 Mini, 13, 14, 15, 15 Plus transparente magsafe.png"
02472c728e73fe9b8dd8c125e46a4740,"carcasas-transparentes-magsafe-iphone/16, 16 Plus, 17 tranparente magsafe.png",unica,"images/carcasas-transparentes-magsafe-iphone/16, 16 Plus, 17 tranparente magsafe.png"
b5cdb9b398175e109058396e56d583a1,carcasas-transparentes-magsafe-iphone/16E carcasa magsafe transparente.png,unica,images/carcasas-transparentes-magsafe-iphone/16E carcasa magsafe transparente.png
d8692e272c60d267283e15caf311a68a,carcasas-transparentes-magsafe-iphone/INFO-MAGSAFE-1.jpg,unica,images/carcasas-transparentes-magsafe-iphone/INFO-MAGSAFE-1.jpg
32a03b0d0dad99645f0ad07287d60719,carcasas-transparentes-magsafe-iphone/INFO-MAGSAFE-2.jpg,unica,images/carcasas-transparentes-magsafe-iphone/INFO-MAGSAFE-2.jpg
6f8a55301d690d75976a2acf06454b58,carcasas-transparentes-magsafe-iphone/MAG-11.jpg,unica,images/carcasas-transparentes-magsafe-iphone/MAG-11.jpg
7741850be9aa8575d5b0a02f19a9624f,carcasas-transparentes-magsafe-iphone/MAG-12.jpg,unica,images/carcasas-transparentes-magsafe-iphone/MAG-12.jpg
7741850be9aa8575d5b0a02f19a9624f,carcasas-transparentes-magsafe-iphone/MAG-12PROMAX.jpg,duplicado,images/carcasas-transparentes-magsafe-iphone/MAG-12.jpg
f073a680a10df97578be4216d858da6f,carcasas-transparentes-magsafe-iphone/MAG-16.jpg,unica,images/carcasas-transparentes-magsafe-iphone/MAG-16.jpg
fbf622afe70b3b46a786a58e6024809d,carcasas-transparentes-magsafe-iphone/MAG-16E.jpg,unica,images/carcasas-transparentes-magsafe-iphone/MAG-16E.jpg
a8d357364bf82dda601b708208a1bc57,carcasas-transparentes-magsafe-iphone/MAG-17AIR.jpg,unica,images/carcasas-transparentes-magsafe-iphone/MAG-17AIR.jpg
e27dcb4c11c871ffe3b0815592341ef3,carcasas-transparentes-magsafe-iphone/MAG-17PRO.jpg,unica,images/carcasas-transparentes-magsafe-iphone/MAG-17PRO.jpg
0eb1da2058edfe3b428bcbdfb5912df1,"carcasas-transparentes-magsafe-iphone/carcasa iphone 17 Pro, 17 Pro Max transparente magsafe.png",unica,"images/carcasas-transparentes-magsafe-iphone/carcasa iphone 17 Pro, 17 Pro Max transparente magsafe.png"
ecd8bad7227d7ad308921313d52de7d4,carcasas-transparentes-magsafe-iphone/info transparente.webp,unica,images/carcasas-transparentes-magsafe-iphone/info transparente.webp
b2bf3b6d2b240031576a31f25606d863,carcasas-transparentes-magsafe-iphone/info.webp,duplicado,images/carcasas-silicona-iphone/info.webp
ca195a2e6b636acd44b96582c34b7bb3,"carcasas-transparentes-magsafe-iphone/iphone 11, 11 por, 11 pro max tranparente magsafe.png",unica,"images/carcasas-transparentes-magsafe-iphone/iphone 11, 11 por, 11 pro max tranparente magsafe.png"
47f608c844faa39cce5e653fd32b0e0f,carcasas-transparentes-magsafe-iphone/iphone 17 air magsafe transparente.png,unica,images/carcasas-transparentes-magsafe-iphone/iphone 17 air magsafe transparente.png
29fb98332cd7ceba1b37e4cbf9c313c3,carcasas-transparentes-magsafe-iphone/proteccion.webp,unica,images/carcasas-transparentes-magsafe-iphone/proteccion.webp
2fb3f63c0ea6eb88c6bbd52755c0157a,cargador-iphones-20w/CARGADOR-20W-2.jpg,unica,images/cargador-iphones-20w/CARGADOR-20W-2.jpg
613dc582cde78df78f3204343bb5823f,cargador-iphones-20w/KIT-LIGHTNING-1.jpg,unica,images/cargador-iphones-20w/KIT-LIGHTNING-1.jpg
7977d2ef67d1ed4af79de34a7d25147d,cargador-iphones-20w/KIT-LIGHTNING-3.jpg,duplicado,images/cables-iphone/CABLE-LTN-1.jpg
70898c2cbef79e9468337c2eeb430eda,cargador-iphones-20w/KIT-USBC-1.jpg,unica,images/cargador-iphones-20w/KIT-USBC-1.jpg
70898c2cbef79e9468337c2eeb430eda,cargador-iphones-20w/KIT-USBC-1_1.jpg,duplicado,images/cargador-iphones-20w/KIT-USBC-1.jpg
98d9987518c60e9c7afeaba7e00393c9,cargador-iphones-20w/KIT-USBC-3.jpg,duplicado,images/cables-iphone/CABLE-USBC-1.jpg
98d9987518c60e9c7afeaba7e00393c9,cargador-iphones-20w/KIT-USBC-3_1.jpg,duplicado,images/cables-iphone/CABLE-USBC-1.jpg
475239dce5efe2ea0326026a18f4a675,cargador-iphones-20w/cargador ambos.webp,duplicado,images/cables-iphone/cargador.webp
498d595c848f056b63df1de3f114d92a,cargador-iphones-20w/cargador ligthning portada.jpg,duplicado,images/cables-iphone/cargador ligthning.jpg
d3615c349418ec25a48efe0e02cea943,cargador-iphones-20w/cargador usb c a c portada.jpg,duplicado,images/cables-iphone/cargador usb c.jpg
94c625c266b9d4bea9a4302ed87a14cb,cargador-iphones-20w/ubs a c lightning.jpg,duplicado,images/cables-iphone/ubs a c lightning.jpg
2b9293642182353601bf98a39d224048,cargador-iphones-20w/usb c a c.webp,duplicado,images/cables-iphone/usb c a c.webp
9cedc4ea933743db999c0d0f929c3894,cargador-iphones-20w/usb c a lightning.webp,duplicado,images/cables-iphone/usb c a lightning.webp
22c053168bffe590899c940ef34b46b9,cintillo-de-cabeza/LINTERNA-1.jpg,unica,images/cintillo-de-cabeza/LINTERNA-1.jpg
5c03e6e0449e361cd7d0f5c9d32c5c8a,cintillo-de-cabeza/LINTERNA-2.jpg,unica,images/cintillo-de-cabeza/LINTERNA-2.jpg
8a488428f686e62ecb3d50fbd40f500c,cintillo-de-cabeza/LINTERNA-3.jpg,unica,images/cintillo-de-cabeza/LINTERNA-3.jpg
65d9de0bce09552067bb7210027385c8,cintillo-de-cabeza/LINTERNA-4.jpg,unica,images/cintillo-de-cabeza/LINTERNA-4.jpg
418f8271d89735eb03ec8e046f5777a4,cintillo-de-cabeza/LINTERNA-5.jpg,unica,images/cintillo-de-cabeza/LINTERNA-5.jpg
6daba485a6fd93f2293565ac373ab998,cintillo-de-cabeza/LINTERNA-6.jpg,unica,images/cintillo-de-cabeza/LINTERNA-6.jpg
406ca420685b7c0e28346e5ebc0e04ab,cintillo-de-cabeza/caracteristicas.webp,unica,images/cintillo-de-cabeza/caracteristicas.webp
e698fdbf162810217d54ae7ddce74552,cintillo-de-cabeza/cintillo portada.png,unica,images/cintillo-de-cabeza/cintillo portada.png
e9da2ecf0465abebda747ef5f836a62d,cintillo-de-cabeza/cintillo.webp,unica,images/cintillo-de-cabeza/cintillo.webp
aa4b6011352fc6453f4b9b4ce7b3aadc,cintillo-de-cabeza/cinto.webp,unica,images/cintillo-de-cabeza/cinto.webp
270ad44976bee21dcc5164bc1c6e4946,cintillo-de-cabeza/intru.webp,unica,images/cintillo-de-cabeza/intru.webp
8342e24a562180a94f42b57a39a760c1,cintillo-de-cabeza/luces.webp,unica,images/cintillo-de-cabeza/luces.webp
0a6f6ba3dfe5f13a051a1efa99d47673,crgador-solma-45w/SOLMA-1.jpg,unica,images/crgador-solma-45w/SOLMA-1.jpg
632280c81de95730dec7f6664529dfa5,crgador-solma-45w/SOLMA-2.jpg,unica,images/crgador-solma-45w/SOLMA-2.jpg
ec6e4d1089043259792028b9441671ec,crgador-solma-45w/SOLMA-3.jpg,unica,images/crgador-solma-45w/SOLMA-3.jpg
147af144921481c4ba30727ebbb508ef,crgador-solma-45w/SOLMA-4.jpg,unica,images/crgador-solma-45w/SOLMA-4.jpg
0839a62e1b80f8a94a9b5f89731421dd,crgador-solma-45w/caracteristicas solma 45w.png,unica,images/crgador-solma-45w/caracteristicas solma 45w.png
310aee5dddf34bbb4b7e58c2616fe2c2,crgador-solma-45w/cargador.webp,unica,images/crgador-solma-45w/cargador.webp
5ef0012e7f3ef84de114d828a9712233,crgador-solma-45w/solma portada 45w cargador.jpg,unica,images/crgador-solma-45w/solma portada 45w cargador.jpg
738866a4f55c7f173a4532896d2f66ea,crgador-solma-45w/solma.jpg,unica,images/crgador-solma-45w/solma.jpg
5ac2381884ca1358884611574286ed07,fotos-cascos/TRIP-ENDURO-BLK-1.jpg,unica,images/fotos-cascos/TRIP-ENDURO-BLK-1.jpg
caf1cd1d2910925a5716c4bf4d65c62f,fotos-cascos/TRIP-ENDURO-BLK-2.jpg,unica,images/fotos-cascos/TRIP-ENDURO-BLK-2.jpg
8564e50a7b793352b0b248ddd013c2f3,fotos-cascos/TRIP-ENDURO-BLK-3.jpg,unica,images/fotos-cascos/TRIP-ENDURO-BLK-3.jpg
9dd659c0ddce85e271f35bcf841866af,fotos-cascos/TRIP-ENDURO-BLU-1.jpg,unica,images/fotos-cascos/TRIP-ENDURO-BLU-1.jpg
6d9171121669c2ec037fb6135026402d,fotos-cascos/TRIP-ENDURO-BLU-2.jpg,unica,images/fotos-cascos/TRIP-ENDURO-BLU-2.jpg
9c8ac79b65efb7da213ac14ee06523fc,fotos-cascos/TRIP-ENDURO-BLU-3.jpg,unica,images/fotos-cascos/TRIP-ENDURO-BLU-3.jpg
e7c8a2919184377e197ea984ff6d9476,fotos-cascos/TRIP-ENDURO-DSL-1.jpg,unica,images/fotos-cascos/TRIP-ENDURO-DSL-1.jpg
a48d33783204cd0e9f4aa30c7fa59510,fotos-cascos/TRIP-ENDURO-DSL-2.jpg,unica,images/fotos-cascos/TRIP-ENDURO-DSL-2.jpg
92ca39303c07baeeafe23322b8028ff9,fotos-cascos/TRIP-ENDURO-DSL-3.jpg,unica,images/fotos-cascos/TRIP-ENDURO-DSL-3.jpg
d250393343e2abfd088a96dfba298241,fotos-cascos/TRIP-ENDURO-EBL-1.jpg,unica,images/fotos-cascos/TRIP-ENDURO-EBL-1.jpg
6dce8bffacfa49175ef815ce94948cc5,fotos-cascos/TRIP-ENDURO-EBL-2.jpg,unica,images/fotos-cascos/TRIP-ENDURO-EBL-2.jpg
e7bbbd4899bb171dabd4ba5ee41c92cc,fotos-cascos/TRIP-ENDURO-EBL-3.jpg,unica,images/fotos-cascos/TRIP-ENDURO-EBL-3.jpg
37ac5eeca499c5f021555ee94dff3eb8,fotos-cascos/TRIP-ENDURO-EBP-1.jpg,unica,images/fotos-cascos/TRIP-ENDURO-EBP-1.jpg
420981b04db54ba707a497cace4f591f,fotos-cascos/TRIP-ENDURO-EBP-2.jpg,unica,images/fotos-cascos/TRIP-ENDURO-EBP-2.jpg
9822ca3e71d8e77af213551ac62c8e47,fotos-cascos/TRIP-ENDURO-EBP-3.jpg,unica,images/fotos-cascos/TRIP-ENDURO-EBP-3.jpg
1ee43d64fdf4e8341ac5645c0ded644c,fotos-cascos/TRIP-ENDURO-EPB-1.jpg,unica,images/fotos-cascos/TRIP-ENDURO-EPB-1.jpg
619ba95437f19ed623a016e91930a0e8,fotos-cascos/TRIP-ENDURO-EPB-2.jpg,unica,images/fotos-cascos/TRIP-ENDURO-EPB-2.jpg
7022accb7252889d66cb686c086e5e8a,fotos-cascos/TRIP-ENDURO-EPB-3.jpg,unica,images/fotos-cascos/TRIP-ENDURO-EPB-3.jpg
abe9348955da344a625b6497967d3817,fotos-cascos/TRIP-ENDURO-ORG-1.jpg,unica,images/fotos-cascos/TRIP-ENDURO-ORG-1.jpg
dfafedb26762d2b78a140168fb1c6996,fotos-cascos/TRIP-ENDURO-ORG-2.jpg,unica,images/fotos-cascos/TRIP-ENDURO-ORG-2.jpg
01319f9463469ac020c669ebd081b1ce,fotos-cascos/TRIP-ENDURO-ORG-3.jpg,unica,images/fotos-cascos/TRIP-ENDURO-ORG-3.jpg
5a47d39063fa036a104764b5d7410d45,fotos-cascos/TRIP-ENDURO-PRP-1.jpg,unica,images/fotos-cascos/TRIP-ENDURO-PRP-1.jpg
44c740fec2cf01dd00c1d52c3de22a84,fotos-cascos/TRIP-ENDURO-PRP-2.jpg,unica,images/fotos-cascos/TRIP-ENDURO-PRP-2.jpg
6b09afca63bdd48c9ea063087c9810e1,fotos-cascos/TRIP-ENDURO-PRP-3.jpg,unica,images/fotos-cascos/TRIP-ENDURO-PRP-3.jpg
4e68176d23bb2765099376f71e9fe486,fotos-cascos/TRIP-ENDURO-WTQ-1.jpg,unica,images/fotos-cascos/TRIP-ENDURO-WTQ-1.jpg
f3be5c80054c4e7e04f51eb8d7c60408,fotos-cascos/TRIP-ENDURO-WTQ-2.jpg,unica,images/fotos-cascos/TRIP-ENDURO-WTQ-2.jpg
a2932f4898914142df7a97a2131e629a,fotos-cascos/TRIP-ENDURO-WTQ-3.jpg,unica,images/fotos-cascos/TRIP-ENDURO-WTQ-3.jpg
e4d25881d18d61fd00ea072aa29267fe,lentes-ciclismo/1.jpg,unica,images/lentes-ciclismo/1.jpg
e6288acbcf2076543d43c797318351a5,lentes-ciclismo/1.png,unica,images/lentes-ciclismo/1.png
ebf08a838f8a93339ea948a6071755d9,lentes-ciclismo/10.jpg,unica,images/lentes-ciclismo/10.jpg
8325944f36ac03ac2c7fa6043049188e,lentes-ciclismo/10.png,unica,images/lentes-ciclismo/10.png
d0fbd31c19ae8a4e60159da24e80b6aa,lentes-ciclismo/2.jpg,unica,images/lentes-ciclismo/2.jpg
04a42114cc81bc52c110908f1ac67f11,lentes-ciclismo/2.png,unica,images/lentes-ciclismo/2.png
6726ea3429ec3465a27aa6cc38cefbbc,lentes-ciclismo/3.jpg,unica,images/lentes-ciclismo/3.jpg
2e2d1f0a39189cfbb5038c33ca365abb,lentes-ciclismo/3.png,unica,images/lentes-ciclismo/3.png
7ad7072279be2bcf3b3a2deeece64c46,lentes-ciclismo/4.jpg,unica,images/lentes-ciclismo/4.jpg
97fb4a5cdcfb5aac60a4ccce68f5559c,lentes-ciclismo/4.png,unica,images/lentes-ciclismo/4.png
0c446dc891f28fba292aeb3a8c152ef3,lentes-ciclismo/6.jpg,unica,images/lentes-ciclismo/6.jpg
465644116158342ed084439771bb0dae,lentes-ciclismo/6.png,unica,images/lentes-ciclismo/6.png
5f03217a40c23e6000de9991a92f0ca7,lentes-ciclismo/7.jpg,unica,images/lentes-ciclismo/7.jpg
99989736d9f5f4ad427fc915bb048040,lentes-ciclismo/7.png,unica,images/lentes-ciclismo/7.png
94a95c3185d287c4199e08f0253ef633,lentes-ciclismo/8.jpg,unica,images/lentes-ciclismo/8.jpg
b70b4f6aa32d7654ca5c294c24dc2873,lentes-ciclismo/8.png,unica,images/lentes-ciclismo/8.png
5f7b6af8d7d9674402453afaa5663650,lentes-ciclismo/9.jpg,unica,images/lentes-ciclismo/9.jpg
abe1072e09de1ed5381875a161cec33f,lentes-ciclismo/9.png,unica,images/lentes-ciclismo/9.png
f0b061980c4e2c4d80c2850bb72ac1b8,lentes-ciclismo/b090 1.png,unica,images/lentes-ciclismo/b090 1.png
46832734610798fc4538e29fabdff76a,lentes-ciclismo/b090 10.png,unica,images/lentes-ciclismo/b090 10.png
2ac1e29ee566a3faff37d99a43747066,lentes-ciclismo/b090 2.png,unica,images/lentes-ciclismo/b090 2.png
447ef9d6bf2296a484de3ca857a143ad,lentes-ciclismo/b090 3.png,unica,images/lentes-ciclismo/b090 3.png
8b3ea6e04deb3fd377f762fada528564,lentes-ciclismo/b090 4.png,unica,images/lentes-ciclismo/b090 4.png
b9e61bede5601329bbf038ced302c122,lentes-ciclismo/b090 5.png,unica,images/lentes-ciclismo/b090 5.png
95a05360d93e51e9514c3f586dc8c701,lentes-ciclismo/b090 6.png,unica,images/lentes-ciclismo/b090 6.png
34b57258e7161f65db7ec10148114729,lentes-ciclismo/b090 7.png,unica,images/lentes-ciclismo/b090 7.png
f204b148c983912ec08854fd78fb4e55,lentes-ciclismo/b090 8.png,unica,images/lentes-ciclismo/b090 8.png
f2fd33541f85394fccf145b73f3be21a,lentes-ciclismo/b090 9.png,unica,images/lentes-ciclismo/b090 9.png
6aad7f8c0f32e3ca6d477249f0bc4fff,lentes-ciclismo/b090-1.jpg,unica,images/lentes-ciclismo/b090-1.jpg
dbb084e438587205ceee67c7c9d62258,lentes-ciclismo/b090-10.jpg,unica,images/lentes-ciclismo/b090-10.jpg
0cff775b2afae6ead91bbbd64e51015c,lentes-ciclismo/b090-2.jpg,unica,images/lentes-ciclismo/b090-2.jpg
3cd04c64be688ffdf210a183c358e37c,lentes-ciclismo/b090-3.jpg,unica,images/lentes-ciclismo/b090-3.jpg
ec49e611786efc8287ff85c4c45226b7,lentes-ciclismo/b090-4.jpg,unica,images/lentes-ciclismo/b090-4.jpg
df2487b36fcfaca7b664814fb062f48a,lentes-ciclismo/b090-5.jpg,unica,images/lentes-ciclismo/b090-5.jpg
e5438c360f45e10235b900893f66e624,lentes-ciclismo/b090-6.jpg,unica,images/lentes-ciclismo/b090-6.jpg
f28ab531e21647180565933ce13c18c5,lentes-ciclismo/b090-7.jpg,unica,images/lentes-ciclismo/b090-7.jpg
d2c871d61eb89e92c246bac46ec34cb6,lentes-ciclismo/b090-8.jpg,unica,images/lentes-ciclismo/b090-8.jpg
d0b3331c4bceca6de94b2bc56729157a,lentes-ciclismo/b090-9.jpg,unica,images/lentes-ciclismo/b090-9.jpg
68eb0004c351501dea300c5278b5cfa6,lentes-ciclismo/informacion lentes 2.jpg,unica,images/lentes-ciclismo/informacion lentes 2.jpg
d75e2f80e6984cdaa7a31de373dde3e0,lentes-ciclismo/informacion lentes.jpg,unica,images/lentes-ciclismo/informacion lentes.jpg
3c84fee59d339713566bce592af8f351,maquina-de-afeitar-grande/CORTADORA-NEG-1.jpg,unica,images/maquina-de-afeitar-grande/CORTADORA-NEG-1.jpg
81d870edfb75c66fa54b500300f66fce,maquina-de-afeitar-grande/CORTADORA-NEG-2.jpg,unica,images/maquina-de-afeitar-grande/CORTADORA-NEG-2.jpg
789ecaf57b60c9cd508d9ab1a68b9028,maquina-de-afeitar-grande/CORTADORA-NEG-3.jpg,unica,images/maquina-de-afeitar-grande/CORTADORA-NEG-3.jpg
5a369d21d4fdc9da4b02c356c6b36308,maquina-de-afeitar-grande/CORTADORA-NEG-4.jpg,unica,images/maquina-de-afeitar-grande/CORTADORA-NEG-4.jpg
a7675010c3a717223d87aeff79fe79db,maquina-de-afeitar-grande/INFO.webp,unica,images/maquina-de-afeitar-grande/INFO.webp
af65ab77155811068eaa44a44942f6ab,maquina-de-afeitar-grande/INTRU.webp,unica,images/maquina-de-afeitar-grande/INTRU.webp
88be5f5ae11dd192d378ed7c3f06933c,maquina-de-afeitar-grande/MA SINFO.webp,unica,images/maquina-de-afeitar-grande/MA SINFO.webp
81e0e291c57b3077fc6d448df078edf0,maquina-de-afeitar-grande/MODELOS.webp,unica,images/maquina-de-afeitar-grande/MODELOS.webp
20773d8ec9dfe3a15e9c9d53f03ce326,maquina-de-afeitar-grande/portada maquina de cortar grande.png,unica,images/maquina-de-afeitar-grande/portada maquina de cortar grande.png
045106a37f159608b3e6a582dc9ad205,maquina-dorada-de-cortar-pelo/CORTADORA-ORO-1.jpg,unica,images/maquina-dorada-de-cortar-pelo/CORTADORA-ORO-1.jpg
94e14b53523fffe47763156d4b44de4c,maquina-dorada-de-cortar-pelo/CORTADORA-ORO-2.jpg,unica,images/maquina-dorada-de-cortar-pelo/CORTADORA-ORO-2.jpg
815f338b02066d0225d4b52958d84971,maquina-dorada-de-cortar-pelo/CORTADORA-ORO-3.jpg,unica,images/maquina-dorada-de-cortar-pelo/CORTADORA-ORO-3.jpg
e38f3619ee07f20a51dbe7c7ee661bd3,maquina-dorada-de-cortar-pelo/caja maquina dorada cortar pelo portada.png,unica,images/maquina-dorada-de-cortar-pelo/caja maquina dorada cortar pelo portada.png
4a9053a2809cf65c5dde1d1f3016944b,maquina-dorada-de-cortar-pelo/cortadora de pelo dorada.png,unica,images/maquina-dorada-de-cortar-pelo/cortadora de pelo dorada.png
a89ee0153851299086c3f5fab71b8119,maquina-dorada-de-cortar-pelo/informacion maquina dorada.jpg,unica,images/maquina-dorada-de-cortar-pelo/informacion maquina dorada.jpg
89f96a673fed1cb14ae2dea60651c9af,micas-de-vidrio-iphone/4 micas de vidrio iphone.jpeg,unica,images/micas-de-vidrio-iphone/4 micas de vidrio iphone.jpeg
713f3fd0f929a785511067edb7bbd1c0,micas-de-vidrio-iphone/MICA-1.jpg,unica,images/micas-de-vidrio-iphone/MICA-1.jpg
7536850900fc20b0ffd2a1fc78fbd622,micas-de-vidrio-iphone/MICA-2.jpg,unica,images/micas-de-vidrio-iphone/MICA-2.jpg
61a7487e160aa339c7fd4ec59d87b4c0,micas-de-vidrio-iphone/MICA-3.jpg,unica,images/micas-de-vidrio-iphone/MICA-3.jpg
c055d3a57e3d08fe58c373fd4605a220,micas-de-vidrio-iphone/MICA-4.jpg,unica,images/micas-de-vidrio-iphone/MICA-4.jpg
35aad3a8df05a4cbc2ccdcd322ff2f01,micas-de-vidrio-iphone/informacion micas de iphone.png,unica,images/micas-de-vidrio-iphone/informacion micas de iphone.png
b0b94b6679e0a88c402d0a315920ced3,micas-de-vidrio-iphone/mica sola.jpeg,unica,images/micas-de-vidrio-iphone/mica sola.jpeg
9cd80bc533e21c24f030383369c465b2,micas-de-vidrio-iphone/pack 4 micas de vidrio iphone portada.jpeg,unica,images/micas-de-vidrio-iphone/pack 4 micas de vidrio iphone portada.jpeg
b338448ba4a4901fb44eb88942bafa0e,micas-de-vidrio-iphone/portada micas iphone.png,unica,images/micas-de-vidrio-iphone/portada micas iphone.png
6889566fd1cda20bfc78e43129f58dc5,senuelos-poseidon/20260511_144524.jpg,unica,images/senuelos-poseidon/20260511_144524.jpg
1d1afd6cb20f9ad1cd40f0d3f8940d9b,senuelos-poseidon/20260511_144624.jpg,unica,images/senuelos-poseidon/20260511_144624.jpg
887bc7c3d66222b32b08fd347c56e6f8,senuelos-poseidon/Copper Black(1).png,unica,images/senuelos-poseidon/Copper Black(1).png
4e916f8fba741126e6167844818613d4,senuelos-poseidon/Copper Black.png,unica,images/senuelos-poseidon/Copper Black.png
887bc7c3d66222b32b08fd347c56e6f8,senuelos-poseidon/Copper Black10gr(1).png,duplicado,images/senuelos-poseidon/Copper Black(1).png
4e916f8fba741126e6167844818613d4,senuelos-poseidon/Copper Black10gr.png,duplicado,images/senuelos-poseidon/Copper Black.png
8139d2c10f2cf1323d6946a2592ca62f,senuelos-poseidon/Copper-Black.jpg,unica,images/senuelos-poseidon/Copper-Black.jpg
8139d2c10f2cf1323d6946a2592ca62f,senuelos-poseidon/Copper-Black10gr.jpg,duplicado,images/senuelos-poseidon/Copper-Black.jpg
7af3cf2c808ef282e14dcbbdcf9a6e1b,senuelos-poseidon/Fire Tiger(1).png,unica,images/senuelos-poseidon/Fire Tiger(1).png
e43f438718f472f9f00f831b8cef80b0,senuelos-poseidon/Fire Tiger.png,unica,images/senuelos-poseidon/Fire Tiger.png
7af3cf2c808ef282e14dcbbdcf9a6e1b,senuelos-poseidon/Fire Tiger10gr(1).png,duplicado,images/senuelos-poseidon/Fire Tiger(1).png
e43f438718f472f9f00f831b8cef80b0,senuelos-poseidon/Fire Tiger10gr.png,duplicado,images/senuelos-poseidon/Fire Tiger.png
143bb58eb61a2bd10a51fccde66c3045,senuelos-poseidon/Fire Trout(1).png,unica,images/senuelos-poseidon/Fire Trout(1).png
72a746b7be159f27cd6d8e7b1a64051c,senuelos-poseidon/Fire Trout.png,unica,images/senuelos-poseidon/Fire Trout.png
143bb58eb61a2bd10a51fccde66c3045,senuelos-poseidon/Fire Trout10gr(1).png,duplicado,images/senuelos-poseidon/Fire Trout(1).png
72a746b7be159f27cd6d8e7b1a64051c,senuelos-poseidon/Fire Trout10gr.png,duplicado,images/senuelos-poseidon/Fire Trout.png
7f42a8291ff122d52ec4cc2985ee891a,senuelos-poseidon/Fire-Tiger.jpg,unica,images/senuelos-poseidon/Fire-Tiger.jpg
7f42a8291ff122d52ec4cc2985ee891a,senuelos-poseidon/Fire-Tiger10gr.jpg,duplicado,images/senuelos-poseidon/Fire-Tiger.jpg
43b47f3e38b323c22f8e18ccfd56b4dd,senuelos-poseidon/Fire-Trout.jpg,unica,images/senuelos-poseidon/Fire-Trout.jpg
43b47f3e38b323c22f8e18ccfd56b4dd,senuelos-poseidon/Fire-Trout10gr.jpg,duplicado,images/senuelos-poseidon/Fire-Trout.jpg
eb5b636ac1bc128a9f5e99a3b64b683b,senuelos-poseidon/Hot Pink Blue(1).png,unica,images/senuelos-poseidon/Hot Pink Blue(1).png
81e8adb70cc7b168fb94f944c8eb6529,senuelos-poseidon/Hot Pink Blue.png,unica,images/senuelos-poseidon/Hot Pink Blue.png
eb5b636ac1bc128a9f5e99a3b64b683b,senuelos-poseidon/Hot Pink Blue10gr(1).png,duplicado,images/senuelos-poseidon/Hot Pink Blue(1).png
81e8adb70cc7b168fb94f944c8eb6529,senuelos-poseidon/Hot Pink Blue10gr.png,duplicado,images/senuelos-poseidon/Hot Pink Blue.png
b553483a93db7f8c83e7a2c95984e1d8,senuelos-poseidon/Hot-Pink-Blue.jpg,unica,images/senuelos-poseidon/Hot-Pink-Blue.jpg
b553483a93db7f8c83e7a2c95984e1d8,senuelos-poseidon/Hot-Pink-Blue10gr.jpg,duplicado,images/senuelos-poseidon/Hot-Pink-Blue.jpg
3ef4bb036924b424500829e31572d198,senuelos-poseidon/Natural Trout(1).png,unica,images/senuelos-poseidon/Natural Trout(1).png
150f4a671e2a2420afdfa6b9c17f5926,senuelos-poseidon/Natural Trout.png,unica,images/senuelos-poseidon/Natural Trout.png
3ef4bb036924b424500829e31572d198,senuelos-poseidon/Natural Trout10gr(1).png,duplicado,images/senuelos-poseidon/Natural Trout(1).png
150f4a671e2a2420afdfa6b9c17f5926,senuelos-poseidon/Natural Trout10gr.png,duplicado,images/senuelos-poseidon/Natural Trout.png
d6cae1936b93aa768c90700a33b87612,senuelos-poseidon/Natural-Trout.jpg,unica,images/senuelos-poseidon/Natural-Trout.jpg
d6cae1936b93aa768c90700a33b87612,senuelos-poseidon/Natural-Trout10gr.jpg,duplicado,images/senuelos-poseidon/Natural-Trout.jpg
949baba8e2327c34deff402c006c4312,senuelos-poseidon/Orange Silver(1).png,unica,images/senuelos-poseidon/Orange Silver(1).png
d8f906ef0424647c4bf5b901cd009808,senuelos-poseidon/Orange Silver.png,unica,images/senuelos-poseidon/Orange Silver.png
d8f906ef0424647c4bf5b901cd009808,senuelos-poseidon/Orange Silver10gr(1).png,duplicado,images/senuelos-poseidon/Orange Silver.png
949baba8e2327c34deff402c006c4312,senuelos-poseidon/Orange Silver10gr.png,duplicado,images/senuelos-poseidon/Orange Silver(1).png
38a27b077db2cfd49e7b83faae8d9aca,senuelos-poseidon/Orange-Silver.jpg,unica,images/senuelos-poseidon/Orange-Silver.jpg
7f698a1c417e15f75d48e7393b6c9b2a,senuelos-poseidon/Orange-Silver10gr.jpg,unica,images/senuelos-poseidon/Orange-Silver10gr.jpg
13576d371b3c4e955dc9c2f442e30284,senuelos-poseidon/Pink Brown Trout(1).png,unica,images/senuelos-poseidon/Pink Brown Trout(1).png
c80c83a5102d92a6ecd273bba10e7d0f,senuelos-poseidon/Pink Brown Trout.png,unica,images/senuelos-poseidon/Pink Brown Trout.png
6e76f5d703f5f45580ca7afc5536747a,senuelos-poseidon/Pink Purple Trout(1).png,unica,images/senuelos-poseidon/Pink Purple Trout(1).png
261651c902ed1696808ce1f668999808,senuelos-poseidon/Pink Purple Trout.png,unica,images/senuelos-poseidon/Pink Purple Trout.png
cd3d0d08c36dea5f5a589bfe7baf8a71,senuelos-poseidon/Silver Pink Shad(1).png,unica,images/senuelos-poseidon/Silver Pink Shad(1).png
c7f55d63ecfe6a3c22bee63a66c947a4,senuelos-poseidon/Silver Pink Shad.png,unica,images/senuelos-poseidon/Silver Pink Shad.png
cd3d0d08c36dea5f5a589bfe7baf8a71,senuelos-poseidon/Silver Pink Shad10gr(1).png,duplicado,images/senuelos-poseidon/Silver Pink Shad(1).png
c7f55d63ecfe6a3c22bee63a66c947a4,senuelos-poseidon/Silver Pink Shad10gr.png,duplicado,images/senuelos-poseidon/Silver Pink Shad.png
18630ce5b6a719ec15f2671c9a1c04df,senuelos-poseidon/Silver-Pink-Shad.jpg,unica,images/senuelos-poseidon/Silver-Pink-Shad.jpg
18630ce5b6a719ec15f2671c9a1c04df,senuelos-poseidon/Silver-Pink-Shad10gr.jpg,duplicado,images/senuelos-poseidon/Silver-Pink-Shad.jpg
2697d0b29f1b1443f1fd80ef84e781a0,senuelos-poseidon/caracteristicas prodcuto.png,unica,images/senuelos-poseidon/caracteristicas prodcuto.png
04f5a523c94d5aea27f7e2b6942666da,senuelos-poseidon/file_00000000005c720e94c5476d30e6fd59.png,unica,images/senuelos-poseidon/file_00000000005c720e94c5476d30e6fd59.png
0b2e91d34c04864904ee8fc47398b529,senuelos-poseidon/file_000000002a5c720e8646b756c1442281.png,unica,images/senuelos-poseidon/file_000000002a5c720e8646b756c1442281.png
963fe26c652fe6e8c230016d053216d2,senuelos-poseidon/pack 5 10gr (1).png,unica,images/senuelos-poseidon/pack 5 10gr (1).png
8be3ad4ca45fd3df5e955aee522eacf0,senuelos-poseidon/pack 5 8gr.png,unica,images/senuelos-poseidon/pack 5 8gr.png
a2f4f987d74db1aab4fb300e7ffa90a3,senuelos-poseidon/senuelos-4en1.jpg,unica,images/senuelos-poseidon/senuelos-4en1.jpg
d97f6c19db232f15d3e46a469a95e328,senuelos-poseidon/senuelos_4en1.png,unica,images/senuelos-poseidon/senuelos_4en1.png
0bec4226b70b64d148f9738283cf384e,zapatillas-joma/01_guia_tallas_toledo.jpg,unica,images/zapatillas-joma/01_guia_tallas_toledo.jpg
94c1422dd51298d2a830c99272bdb99f,zapatillas-joma/03_guia_medir_pie.jpg,unica,images/zapatillas-joma/03_guia_medir_pie.jpg
8008536623d2dc01dc5fb7dcabd5d960,zapatillas-joma/Blue _ Yellow(1).png,unica,images/zapatillas-joma/Blue _ Yellow(1).png
d46eec3da9416b3ae22b1be03358595c,zapatillas-joma/Blue _ Yellow.png,unica,images/zapatillas-joma/Blue _ Yellow.png
852a34b2efc130dbca4110553ce98abd,zapatillas-joma/Blue-Yellow.jpg,unica,images/zapatillas-joma/Blue-Yellow.jpg
4aec46663eb41dfee8a13bf231fc03d2,zapatillas-joma/Navy _ Orange.jpg,unica,images/zapatillas-joma/Navy _ Orange.jpg
36111777b2e12fb0f510b6ea6e2f6576,zapatillas-joma/Navy _ Orange.png,unica,images/zapatillas-joma/Navy _ Orange.png
1f8cbfedf740f9b726c25a909b81deaf,zapatillas-joma/Navy-Orange.jpg,unica,images/zapatillas-joma/Navy-Orange.jpg
85dcb1e781cc1f43c4efecf9c49a16a0,zapatillas-joma/naranja amarilla(1).png,unica,images/zapatillas-joma/naranja amarilla(1).png
b658bfd7015343ac276daa66ca7b4d93,zapatillas-joma/naranja amarilla.png,unica,images/zapatillas-joma/naranja amarilla.png
b60785135628d3e2907fcaec7edab37d,zapatillas-joma/naranja-amarilla.jpg,unica,images/zapatillas-joma/naranja-amarilla.jpg
f643ba983cbd3f692fe9e5ae8f5eb2a0,google-drive/image.png,unica,images/google-drive/image.png
