imagen,estado,portada,kb,calidad_jpg
images/cuidado-personal/maquina-cortar-pelo-dorada/caja-maquina-dorada-cortar-pelo-portada.png,procesada,images/cuidado-personal/maquina-cortar-pelo-dorada/1_portada_caja-maquina-dorada-cortar-pelo-portada.jpg,134.8,84
images/cuidado-personal/maquina-cortar-pelo-dorada/cortadora-de-pelo-dorada.png,procesada,images/cuidado-personal/maquina-cortar-pelo-dorada/1_portada_cortadora-de-pelo-dorada.jpg,124.2,80
images/cuidado-personal/maquina-cortar-pelo-dorada/cortadora-oro-1.jpg,procesada,images/cuidado-personal/maquina-cortar-pelo-dorada/1_portada_cortadora-oro-1.jpg,125.7,80
images/cuidado-personal/maquina-cortar-pelo-dorada/cortadora-oro-2.jpg,procesada,images/cuidado-personal/maquina-cortar-pelo-dorada/1_portada_cortadora-oro-2.jpg,136.1,84
images/cuidado-personal/maquina-cortar-pelo-dorada/cortadora-oro-3.jpg,omitida (lista de exclusion),,,
images/cuidado-personal/maquina-cortar-pelo-dorada/informacion-maquina-dorada.jpg,omitida (infografia/banner),,,
images/cuidado-personal/maquina-cortar-pelo-grande/cortadora-neg-1.jpg,procesada,images/cuidado-personal/maquina-cortar-pelo-grande/1_portada_cortadora-neg-1.jpg,123.2,80
images/cuidado-personal/maquina-cortar-pelo-grande/cortadora-neg-2.jpg,omitida (lista de exclusion),,,
images/cuidado-personal/maquina-cortar-pelo-grande/cortadora-neg-3.jpg,omitida (lista de exclusion),,,
images/cuidado-personal/maquina-cortar-pelo-grande/cortadora-neg-4.jpg,omitida (lista de exclusion),,,
images/cuidado-personal/maquina-cortar-pelo-grande/info.webp,omitida (infografia/banner),,,
images/cuidado-personal/maquina-cortar-pelo-grande/instrucciones.webp,omitida (infografia/banner),,,
images/cuidado-personal/maquina-cortar-pelo-grande/mas-info.webp,omitida (infografia/banner),,,
images/cuidado-personal/maquina-cortar-pelo-grande/modelos.webp,omitida (infografia/banner),,,
images/cuidado-personal/maquina-cortar-pelo-grande/portada-maquina-de-cortar-grande.png,procesada,images/cuidado-personal/maquina-cortar-pelo-grande/1_portada_portada-maquina-de-cortar-grande.jpg,121.9,80
images/deportes/cascos-trip-enduro/trip-enduro-blk-1.jpg,procesada,images/deportes/cascos-trip-enduro/1_portada_trip-enduro-blk-1.jpg,132.3,88
images/deportes/cascos-trip-enduro/trip-enduro-blk-2.jpg,procesada,images/deportes/cascos-trip-enduro/1_portada_trip-enduro-blk-2.jpg,128.3,92
images/deportes/cascos-trip-enduro/trip-enduro-blk-3.jpg,procesada,images/deportes/cascos-trip-enduro/1_portada_trip-enduro-blk-3.jpg,130.5,88
images/deportes/cascos-trip-enduro/trip-enduro-blu-1.jpg,procesada,images/deportes/cascos-trip-enduro/1_portada_trip-enduro-blu-1.jpg,128.1,76
images/deportes/cascos-trip-enduro/trip-enduro-blu-2.jpg,procesada,images/deportes/cascos-trip-enduro/1_portada_trip-enduro-blu-2.jpg,129.3,84
images/deportes/cascos-trip-enduro/trip-enduro-blu-3.jpg,procesada,images/deportes/cascos-trip-enduro/1_portada_trip-enduro-blu-3.jpg,136.4,80
images/deportes/cascos-trip-enduro/trip-enduro-dsl-1.jpg,procesada,images/deportes/cascos-trip-enduro/1_portada_trip-enduro-dsl-1.jpg,127.4,84
images/deportes/cascos-trip-enduro/trip-enduro-dsl-2.jpg,procesada,images/deportes/cascos-trip-enduro/1_portada_trip-enduro-dsl-2.jpg,138.5,88
images/deportes/cascos-trip-enduro/trip-enduro-dsl-3.jpg,procesada,images/deportes/cascos-trip-enduro/1_portada_trip-enduro-dsl-3.jpg,134.3,84
images/deportes/cascos-trip-enduro/trip-enduro-ebl-1.jpg,procesada,images/deportes/cascos-trip-enduro/1_portada_trip-enduro-ebl-1.jpg,138.8,84
images/deportes/cascos-trip-enduro/trip-enduro-ebl-2.jpg,procesada,images/deportes/cascos-trip-enduro/1_portada_trip-enduro-ebl-2.jpg,138.7,88
images/deportes/cascos-trip-enduro/trip-enduro-ebl-3.jpg,procesada,images/deportes/cascos-trip-enduro/1_portada_trip-enduro-ebl-3.jpg,127.0,80
images/deportes/cascos-trip-enduro/trip-enduro-ebp-1.jpg,procesada,images/deportes/cascos-trip-enduro/1_portada_trip-enduro-ebp-1.jpg,133.6,84
images/deportes/cascos-trip-enduro/trip-enduro-ebp-2.jpg,procesada,images/deportes/cascos-trip-enduro/1_portada_trip-enduro-ebp-2.jpg,123.4,84
images/deportes/cascos-trip-enduro/trip-enduro-ebp-3.jpg,procesada,images/deportes/cascos-trip-enduro/1_portada_trip-enduro-ebp-3.jpg,133.9,84
images/deportes/cascos-trip-enduro/trip-enduro-epb-1.jpg,procesada,images/deportes/cascos-trip-enduro/1_portada_trip-enduro-epb-1.jpg,136.7,80
images/deportes/cascos-trip-enduro/trip-enduro-epb-2.jpg,procesada,images/deportes/cascos-trip-enduro/1_portada_trip-enduro-epb-2.jpg,130.9,84
images/deportes/cascos-trip-enduro/trip-enduro-epb-3.jpg,procesada,images/deportes/cascos-trip-enduro/1_portada_trip-enduro-epb-3.jpg,138.6,76
images/deportes/cascos-trip-enduro/trip-enduro-org-1.jpg,procesada,images/deportes/cascos-trip-enduro/1_portada_trip-enduro-org-1.jpg,126.8,80
images/deportes/cascos-trip-enduro/trip-enduro-org-2.jpg,procesada,images/deportes/cascos-trip-enduro/1_portada_trip-enduro-org-2.jpg,137.3,84
images/deportes/cascos-trip-enduro/trip-enduro-org-3.jpg,procesada,images/deportes/cascos-trip-enduro/1_portada_trip-enduro-org-3.jpg,134.1,88
images/deportes/cascos-trip-enduro/trip-enduro-prp-1.jpg,procesada,images/deportes/cascos-trip-enduro/1_portada_trip-enduro-prp-1.jpg,138.3,84
images/deportes/cascos-trip-enduro/trip-enduro-prp-2.jpg,procesada,images/deportes/cascos-trip-enduro/1_portada_trip-enduro-prp-2.jpg,122.4,88
images/deportes/cascos-trip-enduro/trip-enduro-prp-3.jpg,procesada,images/deportes/cascos-trip-enduro/1_portada_trip-enduro-prp-3.jpg,131.4,84
images/deportes/cascos-trip-enduro/trip-enduro-wtq-1.jpg,procesada,images/deportes/cascos-trip-enduro/1_portada_trip-enduro-wtq-1.jpg,125.7,80
images/deportes/cascos-trip-enduro/trip-enduro-wtq-2.jpg,procesada,images/deportes/cascos-trip-enduro/1_portada_trip-enduro-wtq-2.jpg,125.9,88
images/deportes/cascos-trip-enduro/trip-enduro-wtq-3.jpg,procesada,images/deportes/cascos-trip-enduro/1_portada_trip-enduro-wtq-3.jpg,129.2,84
images/deportes/lentes-ciclismo/b090-1.jpg,procesada,images/deportes/lentes-ciclismo/1_portada_b090-1-jpg.jpg,84.1,92
images/deportes/lentes-ciclismo/b090-1.png,procesada,images/deportes/lentes-ciclismo/1_portada_b090-1-png.jpg,83.0,92
images/deportes/lentes-ciclismo/b090-10.jpg,procesada,images/deportes/lentes-ciclismo/1_portada_b090-10-jpg.jpg,75.8,92
images/deportes/lentes-ciclismo/b090-10.png,procesada,images/deportes/lentes-ciclismo/1_portada_b090-10-png.jpg,78.5,92
images/deportes/lentes-ciclismo/b090-2.jpg,procesada,images/deportes/lentes-ciclismo/1_portada_b090-2-jpg.jpg,77.3,92
images/deportes/lentes-ciclismo/b090-2.png,procesada,images/deportes/lentes-ciclismo/1_portada_b090-2-png.jpg,77.0,92
images/deportes/lentes-ciclismo/b090-3.jpg,procesada,images/deportes/lentes-ciclismo/1_portada_b090-3-jpg.jpg,86.3,92
images/deportes/lentes-ciclismo/b090-3.png,procesada,images/deportes/lentes-ciclismo/1_portada_b090-3-png.jpg,89.1,92
images/deportes/lentes-ciclismo/b090-4.jpg,procesada,images/deportes/lentes-ciclismo/1_portada_b090-4-jpg.jpg,85.7,92
images/deportes/lentes-ciclismo/b090-4.png,procesada,images/deportes/lentes-ciclismo/1_portada_b090-4-png.jpg,85.0,92
images/deportes/lentes-ciclismo/b090-5.jpg,procesada,images/deportes/lentes-ciclismo/1_portada_b090-5-jpg.jpg,85.8,92
images/deportes/lentes-ciclismo/b090-5.png,procesada,images/deportes/lentes-ciclismo/1_portada_b090-5-png.jpg,86.8,92
images/deportes/lentes-ciclismo/b090-6.jpg,procesada,images/deportes/lentes-ciclismo/1_portada_b090-6-jpg.jpg,90.4,92
images/deportes/lentes-ciclismo/b090-6.png,procesada,images/deportes/lentes-ciclismo/1_portada_b090-6-png.jpg,89.4,92
images/deportes/lentes-ciclismo/b090-7.jpg,procesada,images/deportes/lentes-ciclismo/1_portada_b090-7-jpg.jpg,93.0,92
images/deportes/lentes-ciclismo/b090-7.png,procesada,images/deportes/lentes-ciclismo/1_portada_b090-7-png.jpg,91.1,92
images/deportes/lentes-ciclismo/b090-8.jpg,procesada,images/deportes/lentes-ciclismo/1_portada_b090-8-jpg.jpg,93.4,92
images/deportes/lentes-ciclismo/b090-8.png,procesada,images/deportes/lentes-ciclismo/1_portada_b090-8-png.jpg,92.1,92
images/deportes/lentes-ciclismo/b090-9.jpg,procesada,images/deportes/lentes-ciclismo/1_portada_b090-9-jpg.jpg,93.1,92
images/deportes/lentes-ciclismo/b090-9.png,procesada,images/deportes/lentes-ciclismo/1_portada_b090-9-png.jpg,91.7,92
images/deportes/lentes-ciclismo/informacion-lentes-2.jpg,omitida (infografia/banner),,,
images/deportes/lentes-ciclismo/informacion-lentes.jpg,omitida (infografia/banner),,,
images/deportes/lentes-ciclismo/lentes-ciclismo-1.jpg,procesada,images/deportes/lentes-ciclismo/1_portada_lentes-ciclismo-1-jpg.jpg,89.9,92
images/deportes/lentes-ciclismo/lentes-ciclismo-1.png,procesada,images/deportes/lentes-ciclismo/1_portada_lentes-ciclismo-1-png.jpg,90.3,92
images/deportes/lentes-ciclismo/lentes-ciclismo-10.jpg,procesada,images/deportes/lentes-ciclismo/1_portada_lentes-ciclismo-10-jpg.jpg,94.3,92
images/deportes/lentes-ciclismo/lentes-ciclismo-10.png,procesada,images/deportes/lentes-ciclismo/1_portada_lentes-ciclismo-10-png.jpg,95.2,92
images/deportes/lentes-ciclismo/lentes-ciclismo-2.jpg,procesada,images/deportes/lentes-ciclismo/1_portada_lentes-ciclismo-2-jpg.jpg,105.5,92
images/deportes/lentes-ciclismo/lentes-ciclismo-2.png,procesada,images/deportes/lentes-ciclismo/1_portada_lentes-ciclismo-2-png.jpg,104.0,92
images/deportes/lentes-ciclismo/lentes-ciclismo-3.jpg,procesada,images/deportes/lentes-ciclismo/1_portada_lentes-ciclismo-3-jpg.jpg,107.9,92
images/deportes/lentes-ciclismo/lentes-ciclismo-3.png,procesada,images/deportes/lentes-ciclismo/1_portada_lentes-ciclismo-3-png.jpg,105.3,92
images/deportes/lentes-ciclismo/lentes-ciclismo-4.jpg,procesada,images/deportes/lentes-ciclismo/1_portada_lentes-ciclismo-4-jpg.jpg,104.9,92
images/deportes/lentes-ciclismo/lentes-ciclismo-4.png,procesada,images/deportes/lentes-ciclismo/1_portada_lentes-ciclismo-4-png.jpg,104.5,92
images/deportes/lentes-ciclismo/lentes-ciclismo-6.jpg,procesada,images/deportes/lentes-ciclismo/1_portada_lentes-ciclismo-6-jpg.jpg,101.6,92
images/deportes/lentes-ciclismo/lentes-ciclismo-6.png,procesada,images/deportes/lentes-ciclismo/1_portada_lentes-ciclismo-6-png.jpg,100.4,92
images/deportes/lentes-ciclismo/lentes-ciclismo-7.jpg,procesada,images/deportes/lentes-ciclismo/1_portada_lentes-ciclismo-7-jpg.jpg,95.2,92
images/deportes/lentes-ciclismo/lentes-ciclismo-7.png,procesada,images/deportes/lentes-ciclismo/1_portada_lentes-ciclismo-7-png.jpg,96.1,92
images/deportes/lentes-ciclismo/lentes-ciclismo-8.jpg,procesada,images/deportes/lentes-ciclismo/1_portada_lentes-ciclismo-8-jpg.jpg,88.3,92
images/deportes/lentes-ciclismo/lentes-ciclismo-8.png,procesada,images/deportes/lentes-ciclismo/1_portada_lentes-ciclismo-8-png.jpg,86.9,92
images/deportes/lentes-ciclismo/lentes-ciclismo-9.jpg,procesada,images/deportes/lentes-ciclismo/1_portada_lentes-ciclismo-9-jpg.jpg,70.9,92
images/deportes/lentes-ciclismo/lentes-ciclismo-9.png,procesada,images/deportes/lentes-ciclismo/1_portada_lentes-ciclismo-9-png.jpg,72.1,92
images/deportes/zapatillas-joma/01-guia-tallas-toledo.jpg,omitida (infografia/banner),,,
images/deportes/zapatillas-joma/03-guia-medir-pie.jpg,omitida (infografia/banner),,,
images/deportes/zapatillas-joma/blue-yellow-1.png,procesada,images/deportes/zapatillas-joma/1_portada_blue-yellow-1.jpg,134.3,88
images/deportes/zapatillas-joma/blue-yellow.jpg,procesada,images/deportes/zapatillas-joma/1_portada_blue-yellow-jpg.jpg,138.1,88
images/deportes/zapatillas-joma/blue-yellow.png,procesada,images/deportes/zapatillas-joma/1_portada_blue-yellow-png.jpg,119.9,84
images/deportes/zapatillas-joma/naranja-amarilla-1.png,procesada,images/deportes/zapatillas-joma/1_portada_naranja-amarilla-1.jpg,129.8,88
images/deportes/zapatillas-joma/naranja-amarilla.jpg,procesada,images/deportes/zapatillas-joma/1_portada_naranja-amarilla-jpg.jpg,121.9,88
images/deportes/zapatillas-joma/naranja-amarilla.png,procesada,images/deportes/zapatillas-joma/1_portada_naranja-amarilla-png.jpg,122.6,88
images/deportes/zapatillas-joma/navy-orange-2.jpg,procesada,images/deportes/zapatillas-joma/1_portada_navy-orange-2.jpg,122.3,84
images/deportes/zapatillas-joma/navy-orange.jpg,procesada,images/deportes/zapatillas-joma/1_portada_navy-orange-jpg.jpg,122.7,84
images/deportes/zapatillas-joma/navy-orange.png,procesada,images/deportes/zapatillas-joma/1_portada_navy-orange-png.jpg,139.0,92
images/marca/dgmarket/banner-dgmarket.png,omitida (infografia/banner),,,
images/pesca-y-caza/cintillo-linterna-led/caracteristicas.webp,omitida (infografia/banner),,,
images/pesca-y-caza/cintillo-linterna-led/cintillo-portada.png,procesada,images/pesca-y-caza/cintillo-linterna-led/1_portada_cintillo-portada.jpg,131.8,92
images/pesca-y-caza/cintillo-linterna-led/cintillo.webp,omitida (lista de exclusion),,,
images/pesca-y-caza/cintillo-linterna-led/cinto.webp,omitida (lista de exclusion),,,
images/pesca-y-caza/cintillo-linterna-led/instrucciones.webp,omitida (infografia/banner),,,
images/pesca-y-caza/cintillo-linterna-led/linterna-1.jpg,procesada,images/pesca-y-caza/cintillo-linterna-led/1_portada_linterna-1.jpg,133.7,92
images/pesca-y-caza/cintillo-linterna-led/linterna-2.jpg,omitida (lista de exclusion),,,
images/pesca-y-caza/cintillo-linterna-led/linterna-3.jpg,omitida (lista de exclusion),,,
images/pesca-y-caza/cintillo-linterna-led/linterna-4.jpg,omitida (lista de exclusion),,,
images/pesca-y-caza/cintillo-linterna-led/linterna-5.jpg,omitida (lista de exclusion),,,
images/pesca-y-caza/cintillo-linterna-led/linterna-6.jpg,omitida (lista de exclusion),,,
images/pesca-y-caza/cintillo-linterna-led/luces.webp,omitida (infografia/banner),,,
images/pesca-y-caza/senuelos-poseidon/20260511-144524.jpg,omitida (lista de exclusion),,,
images/pesca-y-caza/senuelos-poseidon/20260511-144624.jpg,omitida (lista de exclusion),,,
images/pesca-y-caza/senuelos-poseidon/caracteristicas-producto.png,omitida (infografia/banner),,,
images/pesca-y-caza/senuelos-poseidon/copper-black-1.png,procesada,images/pesca-y-caza/senuelos-poseidon/1_portada_copper-black-1.jpg,119.8,92
images/pesca-y-caza/senuelos-poseidon/copper-black.jpg,procesada,images/pesca-y-caza/senuelos-poseidon/1_portada_copper-black-jpg.jpg,87.9,92
images/pesca-y-caza/senuelos-poseidon/copper-black.png,procesada,images/pesca-y-caza/senuelos-poseidon/1_portada_copper-black-png.jpg,96.8,92
images/pesca-y-caza/senuelos-poseidon/file-00000000005c720e94c5476d30e6fd59.png,procesada,images/pesca-y-caza/senuelos-poseidon/1_portada_file-00000000005c720e94c5476d30e6fd59.jpg,130.4,80
images/pesca-y-caza/senuelos-poseidon/file-000000002a5c720e8646b756c1442281.png,procesada,images/pesca-y-caza/senuelos-poseidon/1_portada_file-000000002a5c720e8646b756c1442281.jpg,123.7,80
images/pesca-y-caza/senuelos-poseidon/fire-tiger-1.png,procesada,images/pesca-y-caza/senuelos-poseidon/1_portada_fire-tiger-1.jpg,104.3,92
images/pesca-y-caza/senuelos-poseidon/fire-tiger.jpg,procesada,images/pesca-y-caza/senuelos-poseidon/1_portada_fire-tiger-jpg.jpg,100.4,92
images/pesca-y-caza/senuelos-poseidon/fire-tiger.png,procesada,images/pesca-y-caza/senuelos-poseidon/1_portada_fire-tiger-png.jpg,103.8,92
images/pesca-y-caza/senuelos-poseidon/fire-trout-1.png,procesada,images/pesca-y-caza/senuelos-poseidon/1_portada_fire-trout-1.jpg,115.0,92
images/pesca-y-caza/senuelos-poseidon/fire-trout.jpg,procesada,images/pesca-y-caza/senuelos-poseidon/1_portada_fire-trout-jpg.jpg,116.7,92
images/pesca-y-caza/senuelos-poseidon/fire-trout.png,procesada,images/pesca-y-caza/senuelos-poseidon/1_portada_fire-trout-png.jpg,103.2,92
images/pesca-y-caza/senuelos-poseidon/hot-pink-blue-1.png,procesada,images/pesca-y-caza/senuelos-poseidon/1_portada_hot-pink-blue-1.jpg,102.8,92
images/pesca-y-caza/senuelos-poseidon/hot-pink-blue.jpg,procesada,images/pesca-y-caza/senuelos-poseidon/1_portada_hot-pink-blue-jpg.jpg,113.4,92
images/pesca-y-caza/senuelos-poseidon/hot-pink-blue.png,procesada,images/pesca-y-caza/senuelos-poseidon/1_portada_hot-pink-blue-png.jpg,117.0,92
images/pesca-y-caza/senuelos-poseidon/natural-trout-1.png,procesada,images/pesca-y-caza/senuelos-poseidon/1_portada_natural-trout-1.jpg,92.4,92
images/pesca-y-caza/senuelos-poseidon/natural-trout.jpg,procesada,images/pesca-y-caza/senuelos-poseidon/1_portada_natural-trout-jpg.jpg,107.3,92
images/pesca-y-caza/senuelos-poseidon/natural-trout.png,procesada,images/pesca-y-caza/senuelos-poseidon/1_portada_natural-trout-png.jpg,108.6,92
images/pesca-y-caza/senuelos-poseidon/orange-silver-1.png,procesada,images/pesca-y-caza/senuelos-poseidon/1_portada_orange-silver-1.jpg,110.0,92
images/pesca-y-caza/senuelos-poseidon/orange-silver.jpg,procesada,images/pesca-y-caza/senuelos-poseidon/1_portada_orange-silver-jpg.jpg,129.2,92
images/pesca-y-caza/senuelos-poseidon/orange-silver.png,procesada,images/pesca-y-caza/senuelos-poseidon/1_portada_orange-silver-png.jpg,131.6,92
images/pesca-y-caza/senuelos-poseidon/orange-silver10gr.jpg,procesada,images/pesca-y-caza/senuelos-poseidon/1_portada_orange-silver10gr.jpg,108.9,92
images/pesca-y-caza/senuelos-poseidon/pack-5-10gr-1.png,procesada,images/pesca-y-caza/senuelos-poseidon/1_portada_pack-5-10gr-1.jpg,125.3,80
images/pesca-y-caza/senuelos-poseidon/pack-5-8gr.png,procesada,images/pesca-y-caza/senuelos-poseidon/1_portada_pack-5-8gr.jpg,128.8,80
images/pesca-y-caza/senuelos-poseidon/pink-brown-trout-1.png,procesada,images/pesca-y-caza/senuelos-poseidon/1_portada_pink-brown-trout-1.jpg,104.9,92
images/pesca-y-caza/senuelos-poseidon/pink-brown-trout.png,procesada,images/pesca-y-caza/senuelos-poseidon/1_portada_pink-brown-trout.jpg,139.4,92
images/pesca-y-caza/senuelos-poseidon/pink-purple-trout-1.png,procesada,images/pesca-y-caza/senuelos-poseidon/1_portada_pink-purple-trout-1.jpg,94.7,92
images/pesca-y-caza/senuelos-poseidon/pink-purple-trout.png,procesada,images/pesca-y-caza/senuelos-poseidon/1_portada_pink-purple-trout.jpg,101.8,92
images/pesca-y-caza/senuelos-poseidon/senuelos-4en1.jpg,procesada,images/pesca-y-caza/senuelos-poseidon/1_portada_senuelos-4en1-jpg.jpg,126.3,88
images/pesca-y-caza/senuelos-poseidon/senuelos-4en1.png,procesada,images/pesca-y-caza/senuelos-poseidon/1_portada_senuelos-4en1-png.jpg,131.0,88
images/pesca-y-caza/senuelos-poseidon/silver-pink-shad-1.png,procesada,images/pesca-y-caza/senuelos-poseidon/1_portada_silver-pink-shad-1.jpg,103.2,92
images/pesca-y-caza/senuelos-poseidon/silver-pink-shad.jpg,procesada,images/pesca-y-caza/senuelos-poseidon/1_portada_silver-pink-shad-jpg.jpg,127.7,92
images/pesca-y-caza/senuelos-poseidon/silver-pink-shad.png,procesada,images/pesca-y-caza/senuelos-poseidon/1_portada_silver-pink-shad-png.jpg,129.1,92
images/tecnologia/cables-iphone/cable-ltn-1.jpg,cumple (intacta),,,
images/tecnologia/cables-iphone/cable-ltn-2.jpg,procesada,images/tecnologia/cables-iphone/1_portada_cable-ltn-2.jpg,72.9,92
images/tecnologia/cables-iphone/cable-usb-c-a-c.jpg,procesada,images/tecnologia/cables-iphone/1_portada_cable-usb-c-a-c.jpg,72.3,92
images/tecnologia/cables-iphone/cable-usb-c-a-c1-m-portada.jpg,procesada,images/tecnologia/cables-iphone/1_portada_cable-usb-c-a-c1-m-portada.jpg,66.0,92
images/tecnologia/cables-iphone/cable-usbc-1.jpg,cumple (intacta),,,
images/tecnologia/cables-iphone/cargador-lightning.jpg,procesada,images/tecnologia/cables-iphone/1_portada_cargador-lightning.jpg,84.4,92
images/tecnologia/cables-iphone/cargador-usb-c-portada.webp,procesada,images/tecnologia/cables-iphone/1_portada_cargador-usb-c-portada.jpg,74.1,92
images/tecnologia/cables-iphone/cargador-usb-c.jpg,procesada,images/tecnologia/cables-iphone/1_portada_cargador-usb-c.jpg,80.8,92
images/tecnologia/cables-iphone/cargador.webp,procesada,images/tecnologia/cables-iphone/1_portada_cargador.jpg,60.2,92
images/tecnologia/cables-iphone/usb-a-c-lightning.jpg,procesada,images/tecnologia/cables-iphone/1_portada_usb-a-c-lightning.jpg,67.4,92
images/tecnologia/cables-iphone/usb-c-a-c.webp,procesada,images/tecnologia/cables-iphone/1_portada_usb-c-a-c.jpg,59.5,92
images/tecnologia/cables-iphone/usb-c-a-lightning-portada.jpg,procesada,images/tecnologia/cables-iphone/1_portada_usb-c-a-lightning-portada.jpg,66.8,92
images/tecnologia/cables-iphone/usb-c-a-lightning.webp,procesada,images/tecnologia/cables-iphone/1_portada_usb-c-a-lightning.jpg,62.4,92
images/tecnologia/cables-iphone/usb-c.webp,procesada,images/tecnologia/cables-iphone/1_portada_usb-c.jpg,26.2,92
images/tecnologia/carcasas-silicona-iphone/11-pro-11-pro-max-azul-navy.jpg,procesada,images/tecnologia/carcasas-silicona-iphone/1_portada_11-pro-11-pro-max-azul-navy.jpg,77.3,92
images/tecnologia/carcasas-silicona-iphone/11-pro-11-pro-max-negro.jpg,procesada,images/tecnologia/carcasas-silicona-iphone/1_portada_11-pro-11-pro-max-negro.jpg,68.3,92
images/tecnologia/carcasas-silicona-iphone/12-mini-12-negro.jpg,procesada,images/tecnologia/carcasas-silicona-iphone/1_portada_12-mini-12-negro.jpg,67.5,92
images/tecnologia/carcasas-silicona-iphone/12-pro-max-negro.jpg,procesada,images/tecnologia/carcasas-silicona-iphone/1_portada_12-pro-max-negro.jpg,59.8,92
images/tecnologia/carcasas-silicona-iphone/13-pro-max-14-pro-14-pro-max-15-pro-15-pro-max-16-pro-16-pro-max-azul-navy.png,procesada,images/tecnologia/carcasas-silicona-iphone/1_portada_13-pro-max-14-pro-14-pro-max-15-pro-15-pro-max-16-pro-16-pro-max-azul-navy.jpg,82.1,92
images/tecnologia/carcasas-silicona-iphone/13-pro-max-14-pro-14-pro-max-15-pro-15-pro-max-16-pro-16-pro-max-negro.jpg,procesada,images/tecnologia/carcasas-silicona-iphone/1_portada_13-pro-max-14-pro-14-pro-max-15-pro-15-pro-max-16-pro-16-pro-max-negro.jpg,63.4,92
images/tecnologia/carcasas-silicona-iphone/16-16-plus-17-azul-navy.png,procesada,images/tecnologia/carcasas-silicona-iphone/1_portada_16-16-plus-17-azul-navy.jpg,83.1,92
images/tecnologia/carcasas-silicona-iphone/16-16-plus-17-negro.jpg,procesada,images/tecnologia/carcasas-silicona-iphone/1_portada_16-16-plus-17-negro.jpg,60.1,92
images/tecnologia/carcasas-silicona-iphone/17-air-negro.jpg,procesada,images/tecnologia/carcasas-silicona-iphone/1_portada_17-air-negro.jpg,58.7,92
images/tecnologia/carcasas-silicona-iphone/17-pro-17-pro-max-azul-navy.png,procesada,images/tecnologia/carcasas-silicona-iphone/1_portada_17-pro-17-pro-max-azul-navy.jpg,86.8,92
images/tecnologia/carcasas-silicona-iphone/17-pro-17-pro-max-negro.jpg,procesada,images/tecnologia/carcasas-silicona-iphone/1_portada_17-pro-17-pro-max-negro.jpg,65.5,92
images/tecnologia/carcasas-silicona-iphone/info-silicona-1.jpg,omitida (infografia/banner),,,
images/tecnologia/carcasas-silicona-iphone/info-silicona-2.jpg,omitida (infografia/banner),,,
images/tecnologia/carcasas-silicona-iphone/info-silicona-3.jpg,omitida (infografia/banner),,,
images/tecnologia/carcasas-silicona-iphone/info.webp,omitida (infografia/banner),,,
images/tecnologia/carcasas-silicona-iphone/iphone-11-azul-navy.png,procesada,images/tecnologia/carcasas-silicona-iphone/1_portada_iphone-11-azul-navy.jpg,79.9,92
images/tecnologia/carcasas-silicona-iphone/iphone-11-negro.png,procesada,images/tecnologia/carcasas-silicona-iphone/1_portada_iphone-11-negro.jpg,81.6,92
images/tecnologia/carcasas-silicona-iphone/iphone-12-12-mini-azul-navy.png,procesada,images/tecnologia/carcasas-silicona-iphone/1_portada_iphone-12-12-mini-azul-navy.jpg,92.5,92
images/tecnologia/carcasas-silicona-iphone/iphone-12-pro-max.png,procesada,images/tecnologia/carcasas-silicona-iphone/1_portada_iphone-12-pro-max.jpg,76.3,92
images/tecnologia/carcasas-silicona-iphone/iphone-13-mini-13-14-15-15-plus-azul-navy.png,procesada,images/tecnologia/carcasas-silicona-iphone/1_portada_iphone-13-mini-13-14-15-15-plus-azul-navy.jpg,81.2,92
images/tecnologia/carcasas-silicona-iphone/iphone-13-mini-13-14-15-15-plus-negro.jpg,procesada,images/tecnologia/carcasas-silicona-iphone/1_portada_iphone-13-mini-13-14-15-15-plus-negro.jpg,61.5,92
images/tecnologia/carcasas-silicona-iphone/iphone-16-e-negro.jpg,procesada,images/tecnologia/carcasas-silicona-iphone/1_portada_iphone-16-e-negro.jpg,57.9,92
images/tecnologia/carcasas-silicona-iphone/iphone-16e-azul-navy.png,procesada,images/tecnologia/carcasas-silicona-iphone/1_portada_iphone-16e-azul-navy.jpg,76.2,92
images/tecnologia/carcasas-silicona-iphone/iphone-17-air-azul-navy.png,procesada,images/tecnologia/carcasas-silicona-iphone/1_portada_iphone-17-air-azul-navy.jpg,81.5,92
images/tecnologia/carcasas-silicona-iphone/publi-iphone.webp,omitida (infografia/banner),,,
images/tecnologia/carcasas-silicona-iphone/publi.webp,omitida (infografia/banner),,,
images/tecnologia/carcasas-silicona-iphone/sil-azl-11.jpg,procesada,images/tecnologia/carcasas-silicona-iphone/1_portada_sil-azl-11.jpg,82.8,92
images/tecnologia/carcasas-silicona-iphone/sil-azl-11pro.jpg,cumple (intacta),,,
images/tecnologia/carcasas-silicona-iphone/sil-azl-12.jpg,procesada,images/tecnologia/carcasas-silicona-iphone/1_portada_sil-azl-12.jpg,94.9,92
images/tecnologia/carcasas-silicona-iphone/sil-azl-12promax.jpg,procesada,images/tecnologia/carcasas-silicona-iphone/1_portada_sil-azl-12promax.jpg,79.0,92
images/tecnologia/carcasas-silicona-iphone/sil-azl-13.jpg,procesada,images/tecnologia/carcasas-silicona-iphone/1_portada_sil-azl-13.jpg,83.6,92
images/tecnologia/carcasas-silicona-iphone/sil-azl-13promax.jpg,procesada,images/tecnologia/carcasas-silicona-iphone/1_portada_sil-azl-13promax.jpg,83.6,92
images/tecnologia/carcasas-silicona-iphone/sil-azl-16e.jpg,procesada,images/tecnologia/carcasas-silicona-iphone/1_portada_sil-azl-16e.jpg,77.8,92
images/tecnologia/carcasas-silicona-iphone/sil-azl-16plus.jpg,procesada,images/tecnologia/carcasas-silicona-iphone/1_portada_sil-azl-16plus.jpg,85.8,92
images/tecnologia/carcasas-silicona-iphone/sil-azl-17air.jpg,procesada,images/tecnologia/carcasas-silicona-iphone/1_portada_sil-azl-17air.jpg,83.7,92
images/tecnologia/carcasas-silicona-iphone/sil-azl-17pro.jpg,procesada,images/tecnologia/carcasas-silicona-iphone/1_portada_sil-azl-17pro.jpg,89.2,92
images/tecnologia/carcasas-silicona-iphone/sil-neg-11.jpg,procesada,images/tecnologia/carcasas-silicona-iphone/1_portada_sil-neg-11.jpg,81.4,92
images/tecnologia/carcasas-silicona-iphone/sil-neg-11pro.jpg,cumple (intacta),,,
images/tecnologia/carcasas-silicona-iphone/sil-neg-12.jpg,procesada,images/tecnologia/carcasas-silicona-iphone/1_portada_sil-neg-12.jpg,69.9,92
images/tecnologia/carcasas-silicona-iphone/sil-neg-12promax.jpg,cumple (intacta),,,
images/tecnologia/carcasas-silicona-iphone/sil-neg-13.jpg,cumple (intacta),,,
images/tecnologia/carcasas-silicona-iphone/sil-neg-13promax.jpg,cumple (intacta),,,
images/tecnologia/carcasas-silicona-iphone/sil-neg-16e.jpg,cumple (intacta),,,
images/tecnologia/carcasas-silicona-iphone/sil-neg-16plus.jpg,cumple (intacta),,,
images/tecnologia/carcasas-silicona-iphone/sil-neg-17air.jpg,cumple (intacta),,,
images/tecnologia/carcasas-silicona-iphone/sil-neg-17pro.jpg,cumple (intacta),,,
images/tecnologia/carcasas-transparentes-magsafe-iphone/12-mini-12-13-mini-13-14-15-15-plus-transparente-magsafe.png,procesada,images/tecnologia/carcasas-transparentes-magsafe-iphone/1_portada_12-mini-12-13-mini-13-14-15-15-plus-transparente-magsafe.jpg,100.2,92
images/tecnologia/carcasas-transparentes-magsafe-iphone/16-16-plus-17-transparente-magsafe.png,procesada,images/tecnologia/carcasas-transparentes-magsafe-iphone/1_portada_16-16-plus-17-transparente-magsafe.jpg,75.5,92
images/tecnologia/carcasas-transparentes-magsafe-iphone/16e-carcasa-magsafe-transparente.png,procesada,images/tecnologia/carcasas-transparentes-magsafe-iphone/1_portada_16e-carcasa-magsafe-transparente.jpg,76.1,92
images/tecnologia/carcasas-transparentes-magsafe-iphone/carcasa-iphone-17-pro-17-pro-max-transparente-magsafe.png,procesada,images/tecnologia/carcasas-transparentes-magsafe-iphone/1_portada_carcasa-iphone-17-pro-17-pro-max-transparente-magsafe.jpg,95.1,92
images/tecnologia/carcasas-transparentes-magsafe-iphone/info-magsafe-1.jpg,omitida (infografia/banner),,,
images/tecnologia/carcasas-transparentes-magsafe-iphone/info-magsafe-2.jpg,omitida (infografia/banner),,,
images/tecnologia/carcasas-transparentes-magsafe-iphone/info-transparente.webp,omitida (infografia/banner),,,
images/tecnologia/carcasas-transparentes-magsafe-iphone/iphone-11-11-pro-11-pro-max-transparente-magsafe.png,procesada,images/tecnologia/carcasas-transparentes-magsafe-iphone/1_portada_iphone-11-11-pro-11-pro-max-transparente-magsafe.jpg,94.4,92
images/tecnologia/carcasas-transparentes-magsafe-iphone/iphone-17-air-magsafe-transparente.png,procesada,images/tecnologia/carcasas-transparentes-magsafe-iphone/1_portada_iphone-17-air-magsafe-transparente.jpg,73.5,92
images/tecnologia/carcasas-transparentes-magsafe-iphone/mag-11.jpg,procesada,images/tecnologia/carcasas-transparentes-magsafe-iphone/1_portada_mag-11.jpg,94.2,92
images/tecnologia/carcasas-transparentes-magsafe-iphone/mag-12.jpg,procesada,images/tecnologia/carcasas-transparentes-magsafe-iphone/1_portada_mag-12.jpg,102.5,92
images/tecnologia/carcasas-transparentes-magsafe-iphone/mag-16.jpg,procesada,images/tecnologia/carcasas-transparentes-magsafe-iphone/1_portada_mag-16.jpg,77.4,92
images/tecnologia/carcasas-transparentes-magsafe-iphone/mag-16e.jpg,procesada,images/tecnologia/carcasas-transparentes-magsafe-iphone/1_portada_mag-16e.jpg,76.0,92
images/tecnologia/carcasas-transparentes-magsafe-iphone/mag-17air.jpg,procesada,images/tecnologia/carcasas-transparentes-magsafe-iphone/1_portada_mag-17air.jpg,75.3,92
images/tecnologia/carcasas-transparentes-magsafe-iphone/mag-17pro.jpg,procesada,images/tecnologia/carcasas-transparentes-magsafe-iphone/1_portada_mag-17pro.jpg,96.5,92
images/tecnologia/carcasas-transparentes-magsafe-iphone/proteccion.webp,omitida (infografia/banner),,,
images/tecnologia/cargador-iphone-20w/cargador-20w-2.jpg,cumple (intacta),,,
images/tecnologia/cargador-iphone-20w/kit-lightning-1.jpg,procesada,images/tecnologia/cargador-iphone-20w/1_portada_kit-lightning-1.jpg,89.3,92
images/tecnologia/cargador-iphone-20w/kit-usbc-1.jpg,procesada,images/tecnologia/cargador-iphone-20w/1_portada_kit-usbc-1.jpg,85.7,92
images/tecnologia/cargador-solma-45w/caracteristicas-solma-45w.png,omitida (infografia/banner),,,
images/tecnologia/cargador-solma-45w/cargador.webp,omitida (lista de exclusion),,,
images/tecnologia/cargador-solma-45w/solma-1.jpg,procesada,images/tecnologia/cargador-solma-45w/1_portada_solma-1.jpg,98.0,92
images/tecnologia/cargador-solma-45w/solma-2.jpg,omitida (lista de exclusion),,,
images/tecnologia/cargador-solma-45w/solma-3.jpg,omitida (lista de exclusion),,,
images/tecnologia/cargador-solma-45w/solma-4.jpg,cumple (intacta),,,
images/tecnologia/cargador-solma-45w/solma-portada-45w-cargador.jpg,omitida (lista de exclusion),,,
images/tecnologia/cargador-solma-45w/solma.jpg,omitida (lista de exclusion),,,
images/tecnologia/micas-de-vidrio-iphone/4-micas-de-vidrio-iphone.jpg,procesada,images/tecnologia/micas-de-vidrio-iphone/1_portada_4-micas-de-vidrio-iphone.jpg,61.3,92
images/tecnologia/micas-de-vidrio-iphone/informacion-micas-de-iphone.png,omitida (infografia/banner),,,
images/tecnologia/micas-de-vidrio-iphone/mica-1.jpg,procesada,images/tecnologia/micas-de-vidrio-iphone/1_portada_mica-1.jpg,103.1,92
images/tecnologia/micas-de-vidrio-iphone/mica-2.jpg,procesada,images/tecnologia/micas-de-vidrio-iphone/1_portada_mica-2.jpg,62.1,92
images/tecnologia/micas-de-vidrio-iphone/mica-3.jpg,procesada,images/tecnologia/micas-de-vidrio-iphone/1_portada_mica-3.jpg,47.0,92
images/tecnologia/micas-de-vidrio-iphone/mica-4.jpg,omitida (lista de exclusion),,,
images/tecnologia/micas-de-vidrio-iphone/mica-sola.jpg,procesada,images/tecnologia/micas-de-vidrio-iphone/1_portada_mica-sola.jpg,47.1,92
images/tecnologia/micas-de-vidrio-iphone/pack-4-micas-de-vidrio-iphone-portada.jpg,procesada,images/tecnologia/micas-de-vidrio-iphone/1_portada_pack-4-micas-de-vidrio-iphone-portada.jpg,102.9,92
images/tecnologia/micas-de-vidrio-iphone/portada-micas-iphone.png,procesada,images/tecnologia/micas-de-vidrio-iphone/1_portada_portada-micas-iphone.jpg,130.3,84
